,Latitude_casas,Longitude_casas,,,Latitude_departamentos,Longitude_departamentos
,,,,,19.3506454,-99.2965819
,19.3904162,-99.2550003,,,19.3967542,-99.1647757
,19.3533712,-99.2018228,,,19.4062685,-99.1638378
,19.3610502,-99.1367707,,,19.3310877,-99.2560395
,19.3205819,-99.2099873,,,35.6961511,-105.9373359
,19.2933566,-99.1076677,,,19.4131592,-99.2305331
,19.3900741,-99.2421612,,,19.3888621,-99.24059
,19.2991252,-99.1567762,,,19.3795025,-99.2643705
,52.5200066,13.404954,,,19.4344442,-99.1536723
,-26.928572,-49.3653149,,,19.4433547,-99.2012755
,19.3295108,-99.2293924,,,19.3967542,-99.1647757
,37.33874,-121.8852525,,,19.3033068,-99.2244228
,19.3151272,-99.2123853,,,19.4015324,-99.1631844
,19.4173598,-99.2151756,,,19.3498899,-99.19752
,19.3319317,-99.2466874,,,,
,19.2971989,-99.1324714,,,19.4405567,-99.2033862
,19.3311449,-99.2145027,,,,
,,,,,19.4405567,-99.2033862
,19.3823251,-99.1553049,,,19.3594634,-99.270349
,19.4047087,-99.2379301,,,19.4346086,-99.1926592
,19.3481084,-99.2045371,,,19.3904162,-99.2550003
,19.3957537,-99.1816949,,,19.4075662,-99.2492685
,,,,,19.413879,-99.160909
,19.3518888,-99.1960738,,,19.4434105,-99.2042709
,19.326932,-99.2015762,,,,
,19.3904162,-99.2550003,,,19.4414275,-99.202481
,19.3904162,-99.2550003,,,19.3666022,-99.2638533
,19.3575076,-99.2878715,,,19.3792101,-99.2629804
,17.0297996,-97.9221766,,,19.3371513,-99.2321879
,,,,,21.1181016,-101.7082067
,,,,,19.384642,-99.2650527
,,,,,,
,25.8158217,-100.0912246,,,19.4132355,-99.1714882
,19.3559517,-99.1965238,,,19.2790911,-99.2114234
,,,,,19.3066886,-99.1838193
,19.5109537,-99.1442316,,,19.4116348,-99.1604889
,20.9299997,-89.0227126,,,19.3436827,-99.2122516
,19.4908853,-99.1331631,,,,
,,,,,19.3641184,-99.1671183
,,,,,19.371969,-99.2670166
,19.3562906,-99.1928292,,,19.3967542,-99.1647757
,,,,,19.4178619,-99.1642576
,,,,,19.4116055,-99.1645168
,19.3846808,-99.2585225,,,19.4016747,-99.1560125
,16.688624,-98.4072255,,,,
,19.3863106,-99.2420509,,,19.2988925,-99.1434026
,19.3995463,-99.2288964,,,19.3723335,-99.1905974
,19.5245668,-99.1526169,,,19.3702038,-99.147465
,19.2944741,-99.1661254,,,19.3611532,-99.1722988
,,,,,19.4699545,-99.1591143
,19.3692755,-99.268013,,,19.3641029,-99.2773112
,19.3271667,-99.2245237,,,19.4270375,-99.1738769
,19.3105979,-99.1959464,,,19.4116348,-99.1604889
,19.3295108,-99.2293924,,,19.421366,-99.1689584
,19.3582325,-99.1471924,,,19.3673542,-99.1438539
,19.3125794,-99.2362974,,,37.4117554,-1.5827678
,19.2780551,-99.1789964,,,19.4306406,-99.1695675
,19.3177924,-99.1991123,,,19.3795727,-99.1892707
,,,,,19.3702038,-99.147465
,19.5195798,-99.1592115,,,19.3928548,-99.2595099
,19.4050752,-99.2509806,,,41.4925374,-99.9018131
,19.3058149,-99.2004611,,,19.3809507,-99.1366219
,23.634501,-102.552784,,,19.3739692,-99.1861748
,20.5971162,-103.4223812,,,,
,19.3220301,-99.1963595,,,19.3712633,-99.1679701
,19.326932,-99.2015762,,,,
,19.3374306,-99.1682292,,,19.413879,-99.160909
,28.9226583,-13.6680226,,,19.3937744,-99.1883308
,19.3146948,-99.1279306,,,,
,,,,,19.4321195,-99.1897365
,19.3322552,-99.1089562,,,19.3904162,-99.2550003
,19.3244869,-99.1976344,,,19.374567,-99.1604641
,19.4441627,-99.2084993,,,19.4663759,-99.1580385
,19.2840579,-99.2113185,,,,
,19.3430097,-99.2532684,,,20.90526,-97.6679378
,19.341471,-99.1746778,,,19.4340199,-99.1956012
,,,,,19.3723335,-99.1905974
,19.292576,-99.1438857,,,19.3848211,-99.1535281
,,,,,19.3723335,-99.1905974
,19.4161834,-99.226349,,,19.3519823,-99.1414643
,19.4030692,-99.2501777,,,19.4292492,-99.203497
,19.3389475,-99.1774358,,,19.373462,-99.1673087
,19.339587,-99.1607984,,,19.373435,-99.167671
,19.4251408,-99.2171466,,,19.3880449,-99.185752
,19.4112255,-99.2359531,,,19.428275,-99.1701372
,19.2936452,-99.2466874,,,19.3705661,-99.1502482
,19.4074927,-99.2263889,,,19.4429917,-99.2042268
,31.8559384,-106.6391577,,,19.3927789,-99.2402484
,19.3904162,-99.2550003,,,19.3967542,-99.1647757
,19.3415372,-99.1587613,,,19.413879,-99.160909
,19.2775006,-99.146364,,,19.3967542,-99.1647757
,19.3376298,-99.170519,,,19.3940874,-99.2659706
,19.3393731,-99.1690287,,,,
,19.3096043,-99.2196672,,,19.4431346,-99.2007312
,19.3099829,-99.2120696,,,19.3868838,-99.2521114
,19.3898793,-99.1601107,,,19.3707277,-99.1475157
,19.4076589,-99.1605304,,,19.3907738,-99.1564427
,19.4032901,-99.2454599,,,19.3810737,-99.1851652
,19.3454882,-99.1614934,,,37.33874,-121.8852525
,19.3096043,-99.2196672,,,19.3822741,-99.2702429
,19.4102702,-99.2257895,,,19.4361447,-99.1581342
,19.3271529,-99.2024994,,,19.389996,-99.2393795
,19.3474675,-99.1713129,,,19.3846923,-99.1929255
,19.409833,-99.2426049,,,19.4096897,-99.1807312
,20.1589437,-103.044711,,,19.4332824,-99.1841343
,19.402567,-99.2344651,,,19.4066287,-99.2347894
,27.6648274,-81.5157535,,,19.9512469,-99.5310989
,19.3819544,-99.2666108,,,19.3712633,-99.1679701
,19.4004203,-99.165327,,,19.4431776,-99.2023662
,19.4014831,-99.2463193,,,19.353815,-99.2704772
,19.4019991,-99.2319339,,,19.3914716,-99.2394648
,19.3441831,-99.1167039,,,19.4327792,-99.1665558
,19.3205819,-99.2099873,,,19.4172516,-99.2725531
,19.2780601,-99.146999,,,19.3707277,-99.1475157
,19.3330532,-99.1245205,,,19.3914716,-99.2394648
,19.4078905,-99.1782514,,,19.4116348,-99.1604889
,19.3368666,-99.1382805,,,25.4383234,-100.973678
,,,,,19.4389929,-99.1635993
,19.4074927,-99.2263889,,,19.4260084,-99.2243023
,20.7281302,-101.951295,,,19.442115,-99.2040893
,27.40364009,83.00912405,,,19.3470575,-99.2965778
,19.3486172,-99.2295316,,,19.4016747,-99.1560125
,19.3434226,-99.1359301,,,19.3628505,-99.1511781
,19.2790911,-99.2114234,,,19.4259699,-99.193699
,19.3690348,-99.2844637,,,19.3914716,-99.2394648
,19.3205819,-99.2099873,,,19.4335459,-99.1997735
,19.3968243,-99.2283025,,,19.4209899,-99.1728388
,19.4249374,-99.2134442,,,19.4326705,-99.1949618
,26.6297378,-81.9597375,,,19.3684903,-99.2590586
,19.2807585,-99.1596095,,,,
,19.2435462,-99.1767455,,,,
,19.2991979,-99.1918115,,,19.4194815,-99.1894558
,19.4890883,-99.1400159,,,19.4482426,-99.1038958
,19.3043928,-99.2430153,,,19.40239,-99.15062
,19.3653436,-99.1646629,,,19.4416852,-99.2019515
,19.3804018,-99.2656772,,,19.3744681,-99.2733515
,19.3650003,-99.1201294,,,,
,19.3307445,-99.2026855,,,19.413879,-99.160909
,19.3673872,-99.2266457,,,37.9695167,-1.2193422
,19.4096856,-99.2426825,,,19.3692406,-99.1497664
,19.2792972,-99.1494434,,,19.3841409,-99.2662731
,19.4443632,-99.2055222,,,19.3640095,-99.2712338
,19.3017806,-99.2023662,,,19.3640095,-99.2712338
,,,,,19.4916104,-99.2368437
,19.3071612,-99.2221303,,,19.3382038,-99.2210097
,19.3811156,-99.156334,,,19.3848211,-99.1535281
,19.4955874,-99.1421561,,,19.3923907,-99.1580693
,19.3929784,-99.1647181,,,19.4095846,-99.1575732
,19.4249374,-99.2134442,,,19.4340199,-99.1956012
,19.2612037,-99.1163904,,,19.388648,-99.2566036
,38.3457685,-0.4909444,,,19.3563039,-99.2750889
,20.6315477,-100.9893631,,,19.3881467,-99.2569465
,,,,,19.3752246,-99.2563774
,19.409488,-99.235741,,,19.3705661,-99.1502482
,19.3394161,-99.2366224,,,19.3712392,-99.1808419
,,,,,19.4116348,-99.1604889
,19.4249374,-99.2134442,,,19.3702038,-99.147465
,27.40364009,83.00912405,,,19.3866016,-99.2549994
,19.4243115,-99.2243912,,,36.7178196,-4.425557
,,,,,19.4364755,-99.1583026
,19.3216588,-99.329869,,,,
,19.4717083,-99.1255809,,,,
,19.4946479,-99.1250406,,,28.1616644,-110.5625139
,19.3298957,-99.2070459,,,19.3967542,-99.1647757
,19.4015715,-99.246484,,,19.3144082,-99.2283288
,19.3058672,-99.2004866,,,19.3645474,-99.1836627
,27.6648274,-81.5157535,,,20.90526,-97.6679378
,19.2592904,-99.1194134,,,19.3709729,-99.2652242
,19.3771823,-99.2727093,,,19.3706074,-99.1819093
,19.3005452,-99.2412,,,19.4916104,-99.2368437
,19.319979,-99.210488,,,19.4116348,-99.1604889
,19.3579293,-99.2065898,,,19.4363779,-99.211605
,19.3957163,-99.251993,,,-35.1944557,-56.741207
,19.2712083,-99.2390679,,,19.3205819,-99.2099873
,19.2955454,-99.315796,,,19.3809145,-99.1809429
,37.9735346,-122.5310874,,,19.3626472,-99.2662499
,19.4249374,-99.2134442,,,,
,19.3205819,-99.2099873,,,19.4434105,-99.2042709
,19.3464151,-99.2009414,,,19.4489317,-99.1526495
,19.3585861,-99.185752,,,19.4148447,-99.1602414
,18.4410239,-69.9504218,,,19.3885388,-99.2131808
,19.3807814,-99.1138141,,,19.3049333,-99.1836755
,19.2583185,-99.1262606,,,19.4349025,-99.1889295
,,,,,19.4429917,-99.2042268
,19.3865465,-99.2575012,,,,
,19.2750242,-99.1833397,,,19.3673542,-99.1438539
,19.3843971,-99.1639281,,,19.3849677,-99.2539039
,19.2053962,-99.1276295,,,,
,19.393736,-99.2444726,,,19.3948016,-99.2648839
,19.3456318,-99.1852012,,,19.3904162,-99.2550003
,19.416918,-99.2280357,,,19.3619152,-99.1439967
,19.3153136,-99.2404532,,,19.3563182,-99.2882606
,19.4855507,-99.1220962,,,,
,19.3089186,-99.2201212,,,19.3914716,-99.2394648
,19.3445588,-99.1864442,,,,
,19.3537215,-99.1877948,,,19.4405567,-99.2033862
,19.4003804,-99.131088,,,19.3840305,-99.2637905
,19.402429,-99.2491336,,,19.4405567,-99.2033862
,19.4203337,-99.2281333,,,19.4116055,-99.1645168
,19.4260103,-99.2192071,,,19.4066287,-99.2347894
,19.3032206,-99.2294046,,,19.4340199,-99.1956012
,19.4239658,-99.2120824,,,19.4337367,-99.199019
,19.3946206,-99.2403962,,,19.3491303,-99.2613858
,19.4011824,-99.2342087,,,19.374567,-99.1604641
,19.318539,-99.0980183,,,,
,,,,,19.3867367,-99.2536799
,,,,,19.3832047,-99.1795226
,19.4249374,-99.2134442,,,20.90526,-97.6679378
,,,,,19.4206509,-99.1701942
,43.0410344,-87.9096783,,,19.4301322,-99.1691413
,19.3619294,-98.9714623,,,21.1110927,-101.7112061
,,,,,19.3875744,-99.2452895
,19.3787102,-99.1248516,,,19.421366,-99.1689584
,19.3424533,-99.2444619,,,19.3795727,-99.1892707
,19.2944741,-99.1661254,,,19.3834947,-99.1610798
,,,,,19.3795025,-99.2643705
,19.3870901,-99.2407996,,,,
,19.4393082,-99.208515,,,19.3705661,-99.1502482
,19.3904162,-99.2550003,,,19.4043712,-99.1716318
,19.4050752,-99.2509806,,,19.389996,-99.2393795
,19.3904162,-99.2550003,,,19.4202688,-99.1642694
,19.3178516,-99.2154103,,,19.3310877,-99.2560395
,19.3771375,-99.2721983,,,19.3847665,-99.265093
,19.3205819,-99.2099873,,,19.4432214,-99.1984803
,19.3481848,-99.2361176,,,19.4037937,-99.1631623
,19.4022576,-99.2473068,,,19.338743,-99.2244478
,19.3098602,-99.1160687,,,19.3982227,-99.1576693
,,,,,19.3880449,-99.185752
,19.2053962,-99.1276295,,,19.3622296,-99.2661372
,18.8029737,-96.0613009,,,37.33874,-121.8852525
,19.4697602,-99.1637325,,,19.4305916,-99.170106
,19.3517792,-99.2973793,,,19.374567,-99.1604641
,19.3175346,-99.2181728,,,19.4119974,-99.1590706
,25.7663873,-100.4278202,,,19.4424324,-99.2016306
,19.4235019,-99.2143189,,,19.3672746,-99.2523079
,19.3408916,-99.1666467,,,,
,19.4321229,-99.2115583,,,,
,19.3205819,-99.2099873,,,19.3491303,-99.2613858
,19.3426605,-99.2235926,,,19.3967542,-99.1647757
,19.3994655,-99.2539015,,,25.2233099,-104.1132013
,19.2854509,-99.2125426,,,41.8781136,-87.6297982
,19.2858985,-96.4370254,,,19.3205819,-99.2099873
,19.4739758,-99.1324714,,,19.2698028,-99.152578
,19.355924,-99.1982309,,,19.3570921,-99.2741902
,19.3446605,-99.2085543,,,19.4364755,-99.1583026
,19.34846,-99.2315285,,,19.3958497,-99.0814945
,19.2956906,-99.1571558,,,19.3418937,-99.2245237
,19.351327,-99.1820245,,,19.4423851,-99.2024423
,48.2080696,16.3713095,,,19.4431346,-99.2007312
,,,,,19.3702038,-99.147465
,19.301155,-99.1949348,,,,
,19.3110102,-99.1154133,,,19.4916104,-99.2368437
,19.3900741,-99.2421612,,,19.3904162,-99.2550003
,19.3205819,-99.2099873,,,19.4405567,-99.2033862
,,,,,,
,19.3414114,-99.2441075,,,20.6497141,-105.194471
,27.6648274,-81.5157535,,,19.3851808,-99.2601793
,19.3172552,-99.2037969,,,19.4286111,-99.189106
,19.3129383,-99.2064304,,,19.3879451,-99.2576524
,19.4030692,-99.2501777,,,19.4340199,-99.1956012
,19.4014831,-99.2463193,,,19.4080032,-99.1692169
,17.7235535,-92.0121516,,,19.421366,-99.1689584
,19.3731514,-99.2784577,,,19.3707756,-99.2664472
,,,,,19.4380167,-99.2124372
,19.3205819,-99.2099873,,,19.4219054,-97.0053753
,,,,,19.3902516,-99.2679819
,19.3542204,-99.1262461,,,19.4416852,-99.2019515
,19.405931,-99.2507755,,,19.4218877,-99.2283651
,,,,,19.4468405,-99.1535178
,19.3365206,-99.2348249,,,19.4326705,-99.1949618
,19.3225459,-99.2061963,,,19.3707277,-99.1475157
,19.3498991,-99.2986323,,,19.4434105,-99.2042709
,19.3062813,-99.1740249,,,19.3936201,-99.1769421
,19.373086,-99.1771235,,,19.3875744,-99.2452895
,,,,,19.389688,-99.2651309
,19.3295238,-99.2072946,,,19.3795727,-99.1892707
,,,,,19.4453761,-99.1536221
,19.3105979,-99.1959464,,,19.4264072,-99.1957304
,19.3462228,-99.1511319,,,19.4349025,-99.1889295
,19.3566413,-99.2878888,,,,
,19.3434365,-99.1776715,,,19.4301322,-99.1691413
,-26.928572,-49.3653149,,,19.3928098,-99.1497664
,19.2436122,-99.1678339,,,19.3702038,-99.147465
,19.326932,-99.2015762,,,19.429479,-99.19734
,,,,,,
,19.3087895,-99.2028937,,,19.3820896,-99.1480785
,19.3537215,-99.1877948,,,40.7127753,-74.0059728
,19.3026569,-99.1117223,,,19.4340199,-99.1956012
,19.2657088,-99.1653572,,,19.4202688,-99.1642694
,19.3635069,-99.2789641,,,19.3926697,-99.1807771
,19.4249374,-99.2134442,,,19.3368102,-99.2387409
,19.3151272,-99.2123853,,,19.3563039,-99.2750889
,,,,,19.3962206,-99.1729216
,19.4142356,-99.1452443,,,19.3772841,-99.1806294
,27.6648274,-81.5157535,,,31.9685988,-99.9018131
,19.4239658,-99.2120824,,,19.4434105,-99.2042709
,19.37827,-99.2768835,,,19.3690083,-99.1492978
,,,,,52.3675734,4.9041389
,19.30051,-99.1238034,,,,
,19.3017806,-99.2023662,,,19.308771,-99.1382202
,19.3423774,-99.1311674,,,19.3707368,-99.1893311
,19.4328677,-99.1795178,,,19.3855494,-99.1492088
,,,,,19.4202688,-99.1642694
,19.4340199,-99.1956012,,,19.4445835,-99.1746778
,19.4125497,-99.2253061,,,19.4336999,-99.1550421
,19.3960473,-99.2529911,,,20.67379,-103.28104
,19.4263184,-99.2210024,,,19.3915892,-99.1593162
,19.3692755,-99.268013,,,19.43768,-99.1724372
,19.3017806,-99.2023662,,,19.4746763,-99.1852802
,19.4174607,-99.1280796,,,19.4414275,-99.202481
,19.3100098,-99.213179,,,19.4149803,-99.1774462
,19.3950212,-99.2389801,,,19.4411005,-99.1956811
,19.34784,-99.1548722,,,19.4183695,-99.1446389
,19.4914272,-99.1319282,,,19.3809528,-99.1398379
,19.3441831,-99.1167039,,,19.3857313,-99.1558186
,19.3099829,-99.2120696,,,19.0557203,-98.219416
,19.3417188,-99.220715,,,19.3075075,-99.2306311
,,,,,19.3702038,-99.147465
,19.4249374,-99.2134442,,,19.3628505,-99.1511781
,19.3062052,-99.2017414,,,19.4219054,-97.0053753
,19.393236,-99.253944,,,19.3911708,-99.1892217
,19.4953297,-99.1430257,,,19.4450469,-99.2026082
,27.6648274,-81.5157535,,,19.3855147,-99.2533303
,19.3799033,-99.2583872,,,19.3795727,-99.1892707
,19.3101388,-99.1306684,,,,
,19.3220301,-99.1963595,,,19.4432609,-99.2028648
,19.4028502,-99.24407,,,19.4034331,-99.162286
,19.3395858,-99.2272414,,,19.3389676,-99.2486316
,19.392257,-99.2480141,,,19.3783814,-99.190239
,,,,,19.372069,-99.1727165
,,,,,19.3849677,-99.2539039
,19.301155,-99.1949348,,,19.4416852,-99.2019515
,,,,,19.442115,-99.2040893
,19.4248228,-99.1621758,,,19.3679678,-99.2199368
,19.3826175,-99.1636221,,,19.3938914,-99.1781607
,19.2330537,-99.1781383,,,19.3931878,-99.1641043
,19.3487312,-99.1503057,,,19.3967542,-99.1647757
,19.3390655,-99.2328295,,,19.3936201,-99.1769421
,19.3237976,-99.2089092,,,-30.2441534,-60.5820676
,19.2780551,-99.1789964,,,19.4062685,-99.1638378
,19.4157815,-99.2283192,,,19.3940388,-99.1880609
,19.4042359,-99.2576055,,,19.3765347,-99.1598672
,19.4064113,-99.2228381,,,19.3938914,-99.1781607
,19.3200457,-99.2016888,,,19.4075662,-99.2492685
,19.3519531,-99.1489817,,,19.3664815,-99.2527049
,19.3205819,-99.2099873,,,19.4473342,-99.1730529
,,,,,19.3416111,-99.229821
,,,,,19.4416852,-99.2019515
,19.3979783,-99.1683088,,,19.3730257,-99.2494583
,19.3191817,-99.2090274,,,19.3515618,-99.292134
,19.3931712,-99.2596336,,,29.4251905,-98.4945922
,19.2666761,-99.1420207,,,19.3667649,-99.1991457
,19.3570217,-99.260391,,,19.3864859,-99.1682634
,19.2894082,-99.1671118,,,19.3800154,-99.1582459
,19.416758,-99.1318014,,,39.6665445,16.2958447
,19.3538129,-99.1636051,,,,
,19.3481234,-99.2046453,,,,
,19.5977777,-90.2311111,,,19.4429917,-99.2042268
,19.3826424,-99.2666864,,,,
,18.9303051,-99.1999149,,,19.3439785,-99.1248628
,19.4032901,-99.2454599,,,37.9735346,-122.5310874
,19.4378604,-99.1982952,,,19.3895021,-99.1573808
,20.9771516,-89.6604593,,,19.3727898,-99.282137
,19.4024284,-99.2388327,,,19.4280388,-99.1933694
,17.0297996,-97.9221766,,,19.3572352,-99.1896909
,19.3428882,-99.2180251,,,,
,19.3483466,-99.2361003,,,19.4429917,-99.2042268
,19.4074927,-99.2263889,,,,
,19.3029835,-99.1067682,,,19.4434105,-99.2042709
,19.3904162,-99.2550003,,,19.3771823,-99.2727093
,19.2719088,-99.2106745,,,19.4414275,-99.202481
,20.2473245,-103.0126523,,,19.3604216,-99.2682941
,19.402541,-99.2449743,,,19.4172516,-99.2725531
,19.3155206,-99.2328081,,,19.3893186,-99.2559024
,19.4013483,-99.2495665,,,,
,,,,,19.3702038,-99.147465
,19.2792756,-99.119839,,,19.3390461,-99.2183936
,19.2764115,-99.1346915,,,19.3741118,-99.1410788
,19.3410539,-99.0841791,,,19.3712633,-99.1679701
,19.3913498,-99.244139,,,19.4202688,-99.1642694
,19.3973003,-99.249458,,,19.4306406,-99.1695675
,19.3812336,-99.1753415,,,19.4292476,-99.191259
,19.4766915,-99.1589797,,,19.4095846,-99.1575732
,19.3017806,-99.2023662,,,19.389688,-99.2651309
,19.3323138,-99.3256947,,,19.4174132,-99.1719222
,19.4249374,-99.2134442,,,19.3869412,-99.2689719
,19.4249374,-99.2134442,,,37.46914733,-4.572951495
,19.4193822,-99.2098349,,,19.4335459,-99.1997735
,19.2956434,-98.941094,,,19.4340199,-99.1956012
,19.3006043,-99.2039725,,,19.3370573,-99.2182826
,19.2053962,-99.1276295,,,19.3707277,-99.1475157
,6.2217395,-75.5606987,,,19.3655292,-99.1795226
,19.4125954,-99.2185392,,,19.3672331,-99.1910523
,19.4306575,-99.2083953,,,19.3672331,-99.1910523
,19.3458119,-99.146999,,,19.4126607,-99.1727952
,19.3547315,-99.1275216,,,19.4924633,-99.1693987
,19.4249374,-99.2134442,,,19.421366,-99.1689584
,,,,,19.3904162,-99.2550003
,39.5500507,-105.7820674,,,19.4358698,-99.1913413
,,,,,19.3771823,-99.2727093
,19.3055024,-99.2223482,,,19.4150657,-99.1788142
,16.9965515,-92.8963776,,,19.4132355,-99.1714882
,19.3022145,-99.1370791,,,19.3563182,-99.2882606
,19.3421766,-99.1636101,,,19.3720363,-99.1807648
,19.4088433,-99.2411915,,,,
,19.296549,-99.1265001,,,19.3702038,-99.147465
,19.405931,-99.2507755,,,19.4301322,-99.1691413
,19.3564057,-99.1861838,,,34.0961111,-118.1058333
,19.3503904,-99.1993782,,,19.3432249,-99.2217114
,19.3211737,-99.2094643,,,19.3602549,-99.1439382
,19.3642312,-99.2786798,,,19.3794242,-99.2641246
,19.4098993,-99.2427604,,,19.4034331,-99.162286
,19.3155975,-99.2045162,,,,
,19.4215237,-99.1070546,,,-31.6106578,-60.697294
,19.3099829,-99.2120696,,,19.3596275,-99.2536354
,19.2944522,-99.1457843,,,19.350537,-99.249632
,19.2881929,-99.2209421,,,19.4427355,-99.2026327
,19.2400831,-99.1169779,,,19.4429917,-99.2042268
,19.2780601,-99.146999,,,19.2915354,-99.1719095
,27.6648274,-81.5157535,,,35.20105,-91.8318334
,19.364836,-99.2257254,,,19.3849009,-99.1475444
,19.3205819,-99.2099873,,,19.4355942,-99.1573145
,19.3986515,-99.2474588,,,,
,19.4867941,-99.0820041,,,19.3990265,-99.1515173
,19.4015715,-99.246484,,,19.4414275,-99.202481
,19.4051899,-99.2247618,,,,
,19.2984764,-99.1965181,,,19.4038944,-99.1524336
,19.4249374,-99.2134442,,,19.3949739,-99.1665728
,19.2991979,-99.1918115,,,19.4364755,-99.1583026
,19.3322768,-99.1464016,,,19.4796304,-99.1857634
,19.3765705,-99.1498042,,,19.4364755,-99.1583026
,19.4072062,-99.2457127,,,19.3849677,-99.2539039
,,,,,19.426037,-99.224531
,19.3017806,-99.2023662,,,19.4430708,-99.2007518
,27.6648274,-81.5157535,,,19.3907576,-99.1534616
,19.4328677,-99.1795178,,,19.3967542,-99.1647757
,19.3205819,-99.2099873,,,19.4894054,-99.0940466
,17.4391926,-99.5450974,,,19.3622296,-99.2661372
,19.2574524,-99.0195615,,,,
,19.4239658,-99.2120824,,,19.3033068,-99.2244228
,19.3939172,-99.2468361,,,19.3721656,-99.1748076
,19.3470575,-99.2965778,,,19.3928098,-99.1497664
,19.4075662,-99.2492685,,,19.4431776,-99.2023662
,,,,,19.4416421,-99.2039005
,19.3071738,-99.224393,,,19.4429917,-99.2042268
,19.3058148,-99.3032743,,,19.4432609,-99.2028648
,19.3585861,-99.185752,,,,
,19.3402413,-99.1408714,,,19.4116348,-99.1604889
,,,,,19.4016747,-99.1560125
,19.3046448,-99.1813009,,,19.436912,-99.2101493
,19.3253053,-99.1006583,,,,
,19.4580524,-99.1069789,,,19.4432214,-99.1984803
,19.4131592,-99.2305331,,,21.1110927,-101.7112061
,19.4912935,-99.1376903,,,19.3956565,-99.1815194
,19.3362194,-99.219548,,,39.5500507,-105.7820674
,19.3205819,-99.2099873,,,,
,,,,,,
,19.3400521,-99.1581929,,,19.4306406,-99.1695675
,19.4103149,-99.2434031,,,19.4011887,-99.1350165
,19.2053962,-99.1276295,,,19.3498199,-99.303448
,19.3747373,-99.1646947,,,19.420899,-99.1755634
,19.3848416,-99.1740073,,,19.435417,-99.1588813
,19.2989627,-99.1244383,,,19.3902435,-99.150583
,19.2748471,-99.1794561,,,19.3572352,-99.1896909
,19.3971834,-99.2467692,,,19.4332824,-99.1841343
,19.4249374,-99.2134442,,,19.0224223,-98.6279013
,19.3151272,-99.2123853,,,19.3907738,-99.1564427
,19.3711585,-99.1899399,,,19.3142875,-99.2460531
,25.5381646,-103.5339269,,,19.3905618,-99.1549215
,19.3219518,-99.2165457,,,19.3843867,-99.1647371
,19.3102253,-99.2025405,,,19.3628335,-99.2740154
,43.1825979,-2.2667322,,,19.4434105,-99.2042709
,19.378487,-99.208552,,,19.4346589,-99.1849625
,19.3672746,-99.2523079,,,40.6331249,-89.3985283
,19.3333464,-99.1759118,,,19.4340199,-99.1956012
,19.3174798,-99.210005,,,19.3874199,-99.2531829
,19.3462228,-99.1511319,,,,
,,,,,19.4219054,-97.0053753
,19.3434007,-99.2343429,,,,
,19.3295268,-99.1972995,,,19.3802331,-99.1909526
,19.3635317,-99.2797436,,,,
,19.4049193,-99.2506164,,,19.4334382,-99.195136
,19.3205819,-99.2099873,,,,
,19.3898793,-99.1601107,,,19.3982227,-99.1576693
,37.4117554,-1.5827678,,,,
,19.3436854,-99.1869088,,,18.9125659,-97.1307689
,19.3790612,-99.2738992,,,19.4308098,-99.1807747
,19.3415452,-99.0091553,,,19.3849677,-99.2539039
,,,,,19.4328471,-99.1824872
,19.3071161,-99.2222261,,,19.3881406,-99.2629136
,,,,,19.4238996,-99.1670329
,,,,,,
,19.3935489,-99.2557459,,,,
,19.3047832,-99.2260098,,,,
,19.3904162,-99.2550003,,,,
,19.4855507,-99.1220962,,,,
,19.3205819,-99.2099873,,,,
,27.6648274,-81.5157535,,,,
,19.4676226,-99.1672191,,,,
,19.4050016,-99.1681271,,,,
,,,,,,
,19.4180535,-99.224212,,,,
,19.28557,-99.2138158,,,,
,19.2823921,-99.1193297,,,,
,19.2646898,-99.1290993,,,,
,,,,,,
,19.3545918,-99.1856748,,,,
,27.6648274,-81.5157535,,,,
,19.2928025,-99.1905974,,,,
,19.3500658,-99.199963,,,,
,19.3675807,-99.2796545,,,,
,19.4249374,-99.2134442,,,,
,19.4131592,-99.2305331,,,,
,19.354189,-99.1946465,,,,
,19.3244869,-99.1976344,,,,
,19.3883602,-99.2013277,,,,
,19.3559559,-99.1854275,,,,
,19.4458037,-99.0646931,,,,
,19.3838587,-99.172823,,,,
,19.3211737,-99.2094643,,,,
,19.4259699,-99.193699,,,,
,,,,,,
,19.3093364,-99.202445,,,,
,19.309877,-99.1929431,,,,
,19.426009,-99.2129848,,,,
,19.2435462,-99.1767455,,,,
,19.3683222,-99.2696955,,,,
,19.3267211,-99.1627908,,,,
,19.28557,-99.2138158,,,,
,19.3059119,-99.2445577,,,,
,19.4198756,-99.2180207,,,,
,19.3034837,-99.2252035,,,,
,19.3416111,-99.229821,,,,
,19.2707365,-99.1670809,,,,
,19.4249374,-99.2134442,,,,
,19.398161,-99.2494957,,,,
,19.3557507,-99.2993504,,,,
,19.3383775,-99.1728728,,,,
,19.2785716,-99.2250732,,,,
,19.4279114,-99.1723193,,,,
,19.3807458,-99.1553016,,,,
,,,,,,
,19.3618946,-99.2906967,,,,
,19.3797151,-99.1677132,,,,
,19.3918268,-99.2537603,,,,
,19.3367515,-99.1787637,,,,
,19.3927427,-99.162867,,,,
,19.3457298,-99.1226854,,,,
,19.3566413,-99.2878888,,,,
,19.3205819,-99.2099873,,,,
,,,,,,
,19.3131369,-99.2410397,,,,
,,,,,,
,,,,,,
,19.3295108,-99.2293924,,,,
,,,,,,
,19.3682222,-99.2980026,,,,
,,,,,,
,19.4014827,-99.2293959,,,,
,19.3295108,-99.2293924,,,,
,19.3668017,-99.1724994,,,,
,19.4572672,-99.2215147,,,,
,19.3205819,-99.2099873,,,,
,19.4015715,-99.246484,,,,
,19.5158444,-99.1327474,,,,
,19.3130702,-99.2120326,,,,
,19.3893136,-99.242616,,,,
,19.4153976,-99.1636991,,,,
,19.4137724,-99.2253071,,,,
,19.3161219,-99.215989,,,,
,19.4249374,-99.2134442,,,,
,19.3412128,-99.2175339,,,,
,38.2477536,-6.3036538,,,,
,19.3725281,-99.266432,,,,
,19.3909815,-99.2439166,,,,
,19.3466069,-99.1319853,,,,
,19.4235019,-99.2143189,,,,
,19.3168577,-99.2410097,,,,
,19.4034734,-99.2456812,,,,
,,,,,,
,,,,,,
,19.27809,-99.1787291,,,,
,19.2915354,-99.1719095,,,,
,19.3552105,-99.2951983,,,,
,19.3909815,-99.2439166,,,,